description,amount,transaction_type,category
Airport parking payment INR 7648.80,7648.80,expense,Transport
UPI/tanishqsilverjewellery/897135,18224.79,expense,Shopping
Airtel Xstream fiber broadband INR 562.20,562.20,expense,Utilities
Birthday cash gift received Ref #24585,3498.39,expense,Other
Sovereign Gold Bond tranche investment Ref #99417,43366.87,expense,Investment
Titan watch showroom,22710.45,expense,Shopping
Chai Point tea & snacks,2128.39,expense,Food
UPI/playstationplusquarterlynetwork/242321,599.60,expense,Entertainment
Mahanagar Gas piped natural gas,3837.22,expense,Utilities
Chalo bus card recharge Ref #47072,6983.64,expense,Transport
POS VI CELLULAR MONTHLY BILL,4261.43,expense,Utilities
ATM cash withdrawal transaction,7095.60,income,Other
UPI/rapidobiketaxi/874683,865.97,expense,Transport
Sovereign Gold Bond tranche investment Ref #38601,23490.90,expense,Investment
Uber premier cab ride,8488.06,expense,Transport
UPI/nammametrocardrecharge/476395,3272.53,expense,Transport
Apple Store USB cable INR 15716.79,15716.79,expense,Shopping
Donation to PM CARES relief fund INR 4182.20,4182.20,income,Other
POS SONYLIV ENTERTAINMENT PASS,2114.13,expense,Entertainment
Croma electronics accessory,19239.02,expense,Shopping
UPI/jiocinemapremiumsubscription/620306,2340.85,expense,Entertainment
Pind Balluchi family dinner Ref #87236,833.91,expense,Food
Dentist clinic dental cleaning INR 10214.69,10214.69,expense,Healthcare
UPI/shellindiapremiumfuel/790909,6195.20,expense,Transport
UPI/fortishealthcarephysicianvisit/461145,705.58,expense,Healthcare
Manipal Hospital OPD consultation,7471.35,expense,Healthcare
Charity contribution CRY foundation Ref #91229,8841.03,expense,Other
POS CHEQUE CLEARING CHARGE FEE,2938.95,income,Other
UPI/redbusintercitybusseat/416061,114.96,expense,Transport
College semester tuition fee INR 35579.30,35579.30,expense,Education
Eye care optical glasses lens Ref #12061,7962.52,expense,Healthcare
UPI/courseraannualspecializationpass/239145,21717.38,expense,Education
POS UDEMY PYTHON MACHINE LEARNING COURSE,39005.29,expense,Education
Ola autos commute Ref #14373,6713.76,expense,Transport
UPI/stationerydepotnotebooksandpens/756596,2543.51,expense,Education
Mahanagar Gas piped natural gas INR 3637.56,3637.56,expense,Utilities
UPI/bescommonthlyelectricitybill/568436,2293.97,expense,Utilities
UPI/sbinifty50indexfunddirect/437864,47553.36,expense,Investment
College semester tuition fee Ref #83831,3543.38,expense,Education
Donation to PM CARES relief fund,107.13,income,Other
POS AIRTEL PREPAID 84 DAYS RECHARGE,3814.19,expense,Utilities
UPI/pindballuchifamilydinner/217308,1998.30,expense,Food
Haldiram's dinner Ref #27146,92.13,expense,Food
UPI/atmcashwithdrawaltransaction/384489,3947.59,expense,Other
UPI/collegesemestertuitionfee/944565,36701.89,expense,Education
POS TANISHQ SILVER JEWELLERY,17388.99,expense,Shopping
Physiotherapy rehabilitation session,2957.31,expense,Healthcare
Local library membership renewal,20505.54,expense,Education
Apple Music individual INR 2053.20,2053.20,expense,Entertainment
Shell India premium fuel,5419.16,expense,Transport
UPI/tataplaydthrecharge/912617,2433.37,expense,Utilities
Cambridge IELTS exam registration fee,20733.41,expense,Education
BWSSB water supply bill Ref #54589,2714.56,expense,Utilities
Haldiram's dinner INR 2615.01,2615.01,expense,Food
POS BHARAT GAS REFILL BOOKING,5395.45,expense,Utilities
Fixed deposit creation ICICI bank,17793.91,expense,Investment
Byju's learning tablet subscription INR 35999.93,35999.93,expense,Education
Auto rickshaw meter payment Ref #65435,7431.98,expense,Transport
POS TATA 1MG HEALTHCARE VITAMIN SUPPLEMENTS,5440.33,expense,Healthcare
UPI/flatlandlordrentdirectneft/286080,17200.49,expense,Rent
UPI/reimbursementmedicalclaimcredit/842057,45567.72,income,Salary
Software development milestone payout Ref #83815,72623.88,income,Freelance
UPI/uberpremiercabride/325583,6354.64,expense,Transport
Tanishq silver jewellery INR 6402.02,6402.02,expense,Shopping
POS EYE CARE OPTICAL GLASSES LENS,9461.78,expense,Healthcare
POS MCDONALD'S DRIVE-THRU,519.10,expense,Food
EdX certificate fee,24620.47,expense,Education
Vaccination clinic booster dose,3083.02,expense,Healthcare
Coding boot camp enrollment Ref #89988,38816.53,expense,Education
POS COLLEGE SEMESTER TUITION FEE,11609.89,expense,Education
UPI/housedepositmonthlyinstallment/478356,12146.93,expense,Rent
Independent code audit consulting fee INR 45379.76,45379.76,income,Freelance
Society apartment maintenance levy Ref #13969,3513.78,expense,Utilities
SRL Diagnostics lipid profile panel Ref #63627,9854.74,expense,Healthcare
Vijay Sales home appliance Ref #32962,19172.48,expense,Shopping
Accenture payroll direct credit Ref #82754,115261.01,income,Salary
POS CAR WASH EXPRESS,477.39,expense,Transport
POS YOUTUBE PREMIUM FAMILY BUNDLE,380.41,expense,Entertainment
Vaccination clinic booster dose Ref #95182,7896.77,expense,Healthcare
House deposit monthly installment Ref #60738,22947.25,expense,Rent
POS FRIEND LOAN REPAYMENT CASH TRANSFER,2436.06,expense,Other
POS FLIPKART ORDER ELECTRONICS,23760.45,expense,Shopping
POS COLIVING MONTHLY RENTAL STAY,12740.03,expense,Rent
POS COLLEGE SEMESTER TUITION FEE,42973.11,expense,Education
POS CHEQUE CLEARING CHARGE FEE,6347.37,income,Other
UPI/donationtopmcaresrelieffund/555401,8809.95,income,Other
UPI/tata1mghealthcarevitaminsupplements/672133,7167.89,expense,Healthcare
UPI/sbinifty50indexfunddirect/182175,3091.12,expense,Investment
Tanishq silver jewellery INR 22935.39,22935.39,expense,Shopping
POS CAMBRIDGE IELTS EXAM REGISTRATION FEE,30408.57,expense,Education
POS INFOSYS TECHNOLOGIES MONTHLY SALARY,115922.21,income,Salary
POS DECATHLON SPORTS GEAR,19126.25,expense,Shopping
Delhi Metro smart card INR 3077.15,3077.15,expense,Transport
H&M cotton shirt INR 1519.69,1519.69,expense,Shopping
UPI/domino'spizzadelivery/736130,2767.30,expense,Food
POS LOCAL LIBRARY MEMBERSHIP RENEWAL,12420.32,expense,Education
UPI/contentmarketingretainerwiretransfer/604906,55417.90,income,Freelance
UPI/accenturepayrolldirectcredit/156904,47690.53,income,Salary
POS APOLLO PHARMACY PRESCRIPTION MEDICINES,4086.77,expense,Healthcare
YouTube Premium family bundle,794.77,expense,Entertainment
Lifestyle sunglasses purchase Ref #44675,17309.67,expense,Shopping
Smaaash gaming arcade pass Ref #77621,1750.36,expense,Entertainment
Mahanagar Gas piped natural gas INR 5166.23,5166.23,expense,Utilities
POS TANISHQ SILVER JEWELLERY,21868.91,expense,Shopping
POS APOLLO PHARMACY PRESCRIPTION MEDICINES,6142.94,expense,Healthcare
Donation to PM CARES relief fund,6444.95,income,Other
Fortis Healthcare physician visit INR 8914.92,8914.92,expense,Healthcare
UPI/independentcodeauditconsultingfee/310040,33381.57,income,Freelance
POS STANDUP COMEDY OPEN MIC TICKET,1571.04,expense,Entertainment
Skin clinic consultation fee,11617.99,expense,Healthcare
POS BIGBASKET DAILY VEGGIES,1456.21,expense,Food
Monthly apartment house rent transfer Ref #90431,17124.67,expense,Rent
UPI/growwmutualfundmonthlysip/148118,42711.05,expense,Investment
ATM cash withdrawal transaction INR 1868.52,1868.52,expense,Other
Inox multiplex popcorn combo,1570.25,expense,Entertainment
Bharat Gas refill booking,4225.57,expense,Utilities
Charity contribution CRY foundation,9098.34,income,Other
Technical writing freelance retainer Ref #99536,17794.91,income,Freelance
Subway club sub Ref #23238,3005.19,expense,Food
Puma running shoes INR 10858.42,10858.42,expense,Shopping
UPI/clientuidesignconsultinginvoice/508783,50838.29,income,Freelance
POS BWSSB WATER SUPPLY BILL,4255.22,expense,Utilities
Dentist clinic dental cleaning INR 4366.36,4366.36,expense,Healthcare
Tanishq silver jewellery,11603.24,expense,Shopping
Local library membership renewal INR 14301.85,14301.85,expense,Education
SRL Diagnostics lipid profile panel INR 3648.03,3648.03,expense,Healthcare
UPI/ikeahomedecor/919182,16393.54,expense,Shopping
POS AMAZON RETAIL PURCHASE,12133.70,expense,Shopping
YouTube Premium family bundle,847.33,expense,Entertainment
Allen Career Institute coaching fees INR 968.39,968.39,expense,Education
Apple Music individual INR 1866.70,1866.70,expense,Entertainment
Content marketing retainer wire transfer,11688.76,income,Freelance
POS PARAG PARIKH FLEXI CAP FUND,1877.89,expense,Investment
UPI/reimbursementmedicalclaimcredit/542904,162234.20,income,Salary
Birthday cash gift received INR 4764.78,4764.78,income,Other
Disney+ Hotstar super plan Ref #15726,1772.38,expense,Entertainment
Groww Mutual Fund monthly SIP INR 45650.11,45650.11,expense,Investment
Cafe Coffee Day cappuccino,390.91,expense,Food
UPI/monthlyapartmenthouserenttransfer/435039,17363.87,expense,Rent
Dr Lal PathLabs full blood test INR 8270.99,8270.99,expense,Healthcare
POS SMAAASH GAMING ARCADE PASS,399.28,expense,Entertainment
Parag Parikh Flexi Cap Fund,47399.25,expense,Investment
Netmeds online medicine order Ref #28343,4698.58,expense,Healthcare
UPI/blinkitgroceryessentials/319684,1346.02,expense,Food
Stanza Living student PG rent Ref #18885,14737.60,expense,Rent
Cheque clearing charge fee Ref #67961,6200.59,income,Other
H&M cotton shirt INR 4870.53,4870.53,expense,Shopping
Udemy python machine learning course,10663.23,expense,Education
POS OXFORD UNIVERSITY PRESS TEXTBOOKS,17671.29,expense,Education
POS INOX MULTIPLEX POPCORN COMBO,231.43,expense,Entertainment
UPI/accenturepayrolldirectcredit/363550,36879.96,income,Salary
Croma electronics accessory Ref #24993,12049.60,expense,Shopping
Mahanagar Gas piped natural gas INR 2885.82,2885.82,expense,Utilities
Charity contribution CRY foundation INR 7686.21,7686.21,expense,Other
Monthly tech payroll salary credit Ref #63636,106401.21,income,Salary
Woodland leather wallet INR 2697.33,2697.33,expense,Shopping
Tata 1mg healthcare vitamin supplements,9606.95,expense,Healthcare
Nykaa cosmetics order,15684.86,expense,Shopping
POS LIFESTYLE SUNGLASSES PURCHASE,24525.76,expense,Shopping
Quarterly performance appraisal bonus,169033.78,income,Salary
UPI/chequeclearingchargefee/648736,204.50,income,Other
Public Provident Fund PPF annual deposit INR 18538.17,18538.17,expense,Investment
Bescom monthly electricity bill,2184.49,expense,Utilities
Shoppers Stop casuals INR 1114.01,1114.01,expense,Shopping
POS QUARTERLY PERFORMANCE APPRAISAL BONUS,113334.41,income,Salary
UPI/softwaredevelopmentmilestonepayout/211636,33499.42,income,Freelance
Myntra fashion apparel INR 6300.68,6300.68,expense,Shopping
UPI/myntrafashionapparel/218972,24809.53,expense,Shopping
UPI/uniqlowinterwear/411797,22749.21,expense,Shopping
UPI/technicalwritingfreelanceretainer/305587,64941.61,income,Freelance
Upwork Escrow freelance earnings credit Ref #31119,45144.06,income,Freelance
SonyLIV entertainment pass INR 859.41,859.41,expense,Entertainment
Groww Mutual Fund monthly SIP INR 28261.85,28261.85,expense,Investment
Tata Consultancy Services salary,94106.75,income,Salary
POS MONTHLY APARTMENT HOUSE RENT TRANSFER,9581.96,expense,Rent
Zara clothing store INR 24035.37,24035.37,expense,Shopping
Monthly tech payroll salary credit INR 57666.90,57666.90,income,Salary
Vi cellular monthly bill Ref #28430,1260.05,expense,Utilities
UPI/blinkitgroceryessentials/573417,3156.68,expense,Food
POS AXIS SMALL CAP FUND MONTHLY DEBIT,10208.85,expense,Investment
POS SBI NIFTY 50 INDEX FUND DIRECT,32721.61,expense,Investment
Apple Music individual INR 2125.29,2125.29,expense,Entertainment
Eye care optical glasses lens,3050.10,expense,Healthcare
Haldiram's dinner INR 2675.12,2675.12,expense,Food
Uniqlo winter wear,17777.91,expense,Shopping
Coliving monthly rental stay,18017.55,expense,Rent
UPI/collegesemestertuitionfee/610310,19324.65,expense,Education
Indane LPG cooking gas cylinder refill Ref #69028,2308.40,expense,Utilities
UPI/amazonprimeannualmembership/858889,788.61,expense,Entertainment
Coding boot camp enrollment,38231.05,expense,Education
UPI/guestlecturehonorariumcredit/622998,30614.69,income,Freelance
Wipro Limited payroll disbursement,136803.93,income,Salary
Burger King combo meal,1999.46,expense,Food
Donation to PM CARES relief fund INR 3274.87,3274.87,expense,Other
Manipal Hospital OPD consultation Ref #95332,4116.62,expense,Healthcare
Titan watch showroom Ref #34586,10565.89,expense,Shopping
POS VACCINATION CLINIC BOOSTER DOSE,4186.02,expense,Healthcare
Ola autos commute Ref #66450,3079.02,expense,Transport
UPI/allencareerinstitutecoachingfees/190400,3075.87,expense,Education
UPI/manipalhospitalopdconsultation/360289,1446.03,expense,Healthcare
Paradise Biryani takeaway,3418.62,expense,Food
POS CREDIT CARD ANNUAL RENEWAL SURCHARGE,6169.09,expense,Other
GRE exam test fee payment Ref #85750,15529.44,expense,Education
Tata Play DTH recharge Ref #28018,821.93,expense,Utilities
Bharat Gas refill booking Ref #25495,622.11,expense,Utilities
POS EDX CERTIFICATE FEE,10192.65,expense,Education
POS BWSSB WATER SUPPLY BILL,534.31,expense,Utilities
College semester tuition fee INR 38806.08,38806.08,expense,Education
Bank account annual debit card maintenance Ref #85534,469.98,income,Other
UPI/udemypythonmachinelearningcourse/865618,37493.47,expense,Education
PlayStation Plus quarterly network,826.89,expense,Entertainment
House deposit monthly installment Ref #87194,14027.40,expense,Rent
UPI/technicalwritingfreelanceretainer/316823,66091.97,income,Freelance
Nykaa cosmetics order,5996.09,expense,Shopping
POS STANDUP COMEDY OPEN MIC TICKET,433.14,expense,Entertainment
POS FIXED DEPOSIT CREATION ICICI BANK,10894.04,expense,Investment
Oxford University Press textbooks,28894.30,expense,Education
Parag Parikh Flexi Cap Fund Ref #77537,41229.85,expense,Investment
UPI/tataconsultancyservicessalary/511981,169881.36,income,Salary
Parag Parikh Flexi Cap Fund INR 21242.26,21242.26,expense,Investment
UPI/vaccinationclinicboosterdose/177959,3362.48,expense,Healthcare
Reliance Digital headphones INR 12042.21,12042.21,expense,Shopping
Accenture payroll direct credit INR 67379.46,67379.46,income,Salary
POS TATA POWER CONSUMER BILL PAYMENT,5232.39,expense,Utilities
Public Provident Fund PPF annual deposit,23749.59,expense,Investment
POS TATA CONSULTANCY SERVICES SALARY,179511.51,income,Salary
Sovereign Gold Bond tranche investment INR 12192.50,12192.50,expense,Investment
Paradise Biryani takeaway INR 2598.73,2598.73,expense,Food
Lifestyle sunglasses purchase INR 17953.20,17953.20,expense,Shopping
POS STANZA LIVING STUDENT PG RENT,9152.80,expense,Rent
Donation to PM CARES relief fund INR 3335.63,3335.63,expense,Other
POS H&M COTTON SHIRT,1867.10,expense,Shopping
Client UI design consulting invoice Ref #62502,20012.07,income,Freelance
Coding boot camp enrollment Ref #45041,13374.62,expense,Education
Airtel prepaid 84 days recharge Ref #96799,3216.17,expense,Utilities
POS STARBUCKS COFFEE,1918.71,expense,Food
Apollo Pharmacy prescription medicines,5053.65,expense,Healthcare
EdX certificate fee Ref #65885,15228.37,expense,Education
POS LOCAL LIBRARY MEMBERSHIP RENEWAL,23614.79,expense,Education
POS MUNICIPAL WASTE MANAGEMENT FEE,4397.18,expense,Utilities
Spotify premium family plan INR 297.37,297.37,expense,Entertainment
UPI/independentcodeauditconsultingfee/733561,60486.02,income,Freelance
HPCL petrol station refill Ref #59834,1534.62,expense,Transport
Manipal Hospital OPD consultation,4987.87,expense,Healthcare
UPI/skinclinicconsultationfee/495489,760.71,expense,Healthcare
UPI/airportparkingpayment/678727,2966.30,expense,Transport
Vaccination clinic booster dose Ref #37152,335.55,expense,Healthcare
POS EYE CARE OPTICAL GLASSES LENS,8478.72,expense,Healthcare
Office studio monthly rent,21556.74,expense,Rent
Zara clothing store Ref #44687,15787.67,expense,Shopping
Zepto quick grocery Ref #49446,2185.06,expense,Food
Donation to PM CARES relief fund INR 8074.70,8074.70,income,Other
Woodland leather wallet,15396.92,expense,Shopping
POS REDBUS INTERCITY BUS SEAT,3883.31,expense,Transport
UPI/irctcrailwaytrainticket/346205,1031.22,expense,Transport
POS UDEMY PYTHON MACHINE LEARNING COURSE,30070.31,expense,Education
POS SOLAR ROOFTOP SERVICE FEE,5427.90,expense,Utilities
Namma Metro card recharge,7193.41,expense,Transport
Lifestyle sunglasses purchase INR 1931.74,1931.74,expense,Shopping
Coliving monthly rental stay INR 16941.55,16941.55,expense,Rent
Puma running shoes Ref #35995,10157.70,expense,Shopping
Tata Power consumer bill payment Ref #14888,3082.33,expense,Utilities
Solar rooftop service fee INR 2472.42,2472.42,expense,Utilities
UPI/bwssbwatersupplybill/495833,4821.90,expense,Utilities
POS MYNTRA FASHION APPAREL,8959.84,expense,Shopping
UPI/officestudiomonthlyrent/864234,11438.41,expense,Rent
UPI/upworkescrowfreelanceearningscredit/594580,62627.88,income,Freelance
Disney+ Hotstar super plan Ref #39552,2253.09,expense,Entertainment
UPI/reimbursementmedicalclaimcredit/707021,152833.15,income,Salary
Local library membership renewal,14901.91,expense,Education
Paradise Biryani takeaway Ref #73092,1469.94,expense,Food
Stationery depot notebooks and pens Ref #53463,43523.06,expense,Education
UPI/pvrcinemasimaxweekendtickets/888939,1523.45,expense,Entertainment
Upwork Escrow freelance earnings credit INR 73641.28,73641.28,income,Freelance
POS APPLE STORE USB CABLE,15551.44,expense,Shopping
UPI/applemusicindividual/283594,1980.21,expense,Entertainment
Smaaash gaming arcade pass INR 872.05,872.05,expense,Entertainment
Vi cellular monthly bill,3032.16,expense,Utilities
Vijay Sales home appliance INR 13109.03,13109.03,expense,Shopping
POS TITAN WATCH SHOWROOM,9054.54,expense,Shopping
UPI/vicellularmonthlybill/240718,4924.04,expense,Utilities
Fixed deposit creation ICICI bank,6539.77,expense,Investment
UPI/softwaredevelopmentmilestonepayout/459316,55693.08,income,Freelance
POS UDEMY PYTHON MACHINE LEARNING COURSE,12846.59,expense,Education
Bharat Gas refill booking INR 1086.59,1086.59,expense,Utilities
Bharat Petroleum diesel fill INR 8069.14,8069.14,expense,Transport
Vi cellular monthly bill,3698.03,expense,Utilities
Coursera annual specialization pass INR 6574.93,6574.93,expense,Education
Charity contribution CRY foundation Ref #20819,1408.67,expense,Other
Dentist clinic dental cleaning,5345.69,expense,Healthcare
POS MONTHLY TECH PAYROLL SALARY CREDIT,153033.80,income,Salary
UPI/starbuckscoffee/526117,2748.00,expense,Food
POS FRIEND LOAN REPAYMENT CASH TRANSFER,5533.12,income,Other
KFC crispy chicken INR 2348.79,2348.79,expense,Food
Paradise Biryani takeaway Ref #92719,104.59,expense,Food
Blinkit grocery essentials INR 1572.47,1572.47,expense,Food
Delhi Metro smart card,7683.76,expense,Transport
Flat landlord rent direct NEFT,32728.08,expense,Rent
Stanza Living student PG rent INR 13805.56,13805.56,expense,Rent
Museum entry tickets,1952.38,expense,Entertainment
Blinkit grocery essentials INR 2412.67,2412.67,expense,Food
POS FLAT LANDLORD RENT DIRECT NEFT,10733.96,expense,Rent
Technical writing freelance retainer,10602.78,income,Freelance
POS SOVEREIGN GOLD BOND TRANCHE INVESTMENT,40195.06,expense,Investment
Namma Metro card recharge Ref #87743,5780.94,expense,Transport
UPI/titanwatchshowroom/378535,16331.81,expense,Shopping
Tata 1mg healthcare vitamin supplements Ref #12125,8933.84,expense,Healthcare
Stationery depot notebooks and pens Ref #40689,32806.21,expense,Education
POS PARAG PARIKH FLEXI CAP FUND,9513.13,expense,Investment
Stanza Living student PG rent Ref #23645,25270.46,expense,Rent
POS VIJAY SALES HOME APPLIANCE,23220.75,expense,Shopping
EdX certificate fee INR 7984.47,7984.47,expense,Education
Allen Career Institute coaching fees Ref #27290,44808.38,expense,Education
Friend loan repayment cash transfer Ref #83156,5628.39,expense,Other
POS ALLEN CAREER INSTITUTE COACHING FEES,1798.09,expense,Education
Local vegetable market INR 985.89,985.89,expense,Food
UPI/dentistclinicdentalcleaning/857505,1318.51,expense,Healthcare
Rapido bike taxi INR 6311.19,6311.19,expense,Transport
UPI/woodlandleatherwallet/870214,22279.80,expense,Shopping
Standup comedy open mic ticket INR 1881.01,1881.01,expense,Entertainment
POS STANDUP COMEDY OPEN MIC TICKET,1351.06,expense,Entertainment
UPI/officestudiomonthlyrent/101533,33676.74,expense,Rent
Stanza Living student PG rent INR 20556.56,20556.56,expense,Rent
UPI/starbuckscoffee/593554,3062.81,expense,Food
Apollo Pharmacy prescription medicines INR 290.43,290.43,expense,Healthcare
Upwork Escrow freelance earnings credit Ref #73192,21064.04,income,Freelance
POS KISAN VIKAS PATRA POST OFFICE,22249.60,expense,Investment
UPI/zomatoonlinedelivery/944151,2890.56,expense,Food
POS EDX CERTIFICATE FEE,20336.59,expense,Education
Eye care optical glasses lens INR 1799.27,1799.27,expense,Healthcare
Spotify premium family plan,2116.64,expense,Entertainment
Oxford University Press textbooks INR 33978.24,33978.24,expense,Education
UPI/tataconsultancyservicessalary/407835,83004.65,income,Salary
UPI/localvegetablemarket/777568,2382.91,expense,Food
UPI/sovereigngoldbondtrancheinvestment/700056,8982.46,expense,Investment
Tata 1mg healthcare vitamin supplements INR 9064.22,9064.22,expense,Healthcare
Woodland leather wallet INR 20832.00,20832.00,expense,Shopping
UPI/srldiagnosticslipidprofilepanel/261630,3144.28,expense,Healthcare
Coursera annual specialization pass INR 20083.86,20083.86,expense,Education
Independent code audit consulting fee Ref #59326,41166.40,income,Freelance
Mirae Asset Large Cap Fund SIP INR 13711.89,13711.89,expense,Investment
Udemy python machine learning course,35916.50,expense,Education
POS ALLEN CAREER INSTITUTE COACHING FEES,22246.62,expense,Education
POS BANK ACCOUNT ANNUAL DEBIT CARD MAINTENANCE,7945.37,expense,Other
Accenture payroll direct credit Ref #83699,145312.38,income,Salary
Coding boot camp enrollment INR 22578.06,22578.06,expense,Education
POS STARBUCKS COFFEE,848.46,expense,Food
Solar rooftop service fee,1795.79,expense,Utilities
Kisan Vikas Patra post office INR 21603.16,21603.16,expense,Investment
POS MCDONALD'S DRIVE-THRU,1945.92,expense,Food
Pind Balluchi family dinner Ref #19171,1325.64,expense,Food
Delhi Metro smart card Ref #43289,3946.72,expense,Transport
UPI/pindballuchifamilydinner/133326,2099.48,expense,Food
Puma running shoes,2495.45,expense,Shopping
Practo doctor video consult,11028.88,expense,Healthcare
Allen Career Institute coaching fees,34869.00,expense,Education
Credit card annual renewal surcharge INR 5526.71,5526.71,expense,Other
Parag Parikh Flexi Cap Fund,24245.42,expense,Investment
Manipal Hospital OPD consultation,5055.07,expense,Healthcare
POS WIPRO LIMITED PAYROLL DISBURSEMENT,129916.42,income,Salary
Airtel prepaid 84 days recharge,1958.72,expense,Utilities
POS FIXED DEPOSIT CREATION ICICI BANK,12854.97,expense,Investment
POS ANNUAL FESTIVAL PERFORMANCE INCENTIVE,60486.67,income,Salary
College semester tuition fee,23461.24,expense,Education
POS OFFICE STUDIO MONTHLY RENT,30923.16,expense,Rent
Client UI design consulting invoice INR 67355.84,67355.84,income,Freelance
UPI/annualfestivalperformanceincentive/420310,87017.53,income,Salary
POS ALLEN CAREER INSTITUTE COACHING FEES,20674.50,expense,Education
Smaaash gaming arcade pass,1280.29,expense,Entertainment
UPI/bookmyshowcinematickets/421384,1636.73,expense,Entertainment
Monthly tech payroll salary credit INR 93498.75,93498.75,income,Salary
Guest lecture honorarium credit Ref #63840,16939.67,income,Freelance
POS MONTHLY APARTMENT HOUSE RENT TRANSFER,9861.01,expense,Rent
UPI/jiotrue5gunlimitedrecharge/759580,1185.83,expense,Utilities
Fixed deposit creation ICICI bank Ref #91675,38791.23,expense,Investment
IndiGo flight ticket booking,2690.82,expense,Transport
POS DENTIST CLINIC DENTAL CLEANING,10984.82,expense,Healthcare
FASTag toll recharge NH48 Ref #72163,8107.86,expense,Transport
POS OFFICE STUDIO MONTHLY RENT,25030.37,expense,Rent
Credit card annual renewal surcharge Ref #82100,9034.60,income,Other
Tata Consultancy Services salary Ref #98643,85133.68,income,Salary
UPI/colivingmonthlyrentalstay/226601,16478.90,expense,Rent
Netmeds online medicine order INR 1374.02,1374.02,expense,Healthcare
Sagar Ratna south indian meal Ref #80686,3378.12,expense,Food
UPI/locallibrarymembershiprenewal/816116,16760.22,expense,Education
Zoomcar rental deposit INR 4277.22,4277.22,expense,Transport
Fiverr international gig payment,36261.64,income,Freelance
Subway club sub INR 278.10,278.10,expense,Food
Flat landlord rent direct NEFT Ref #96096,10703.63,expense,Rent
POS FORTIS HEALTHCARE PHYSICIAN VISIT,3603.66,expense,Healthcare
Medplus healthcare drugs,11889.80,expense,Healthcare
POS AXIS SMALL CAP FUND MONTHLY DEBIT,7034.94,expense,Investment
POS UBER PREMIER CAB RIDE,7783.91,expense,Transport
POS OFFICE STUDIO MONTHLY RENT,16587.56,expense,Rent
Mirae Asset Large Cap Fund SIP Ref #33176,31920.61,expense,Investment
POS HALDIRAM'S DINNER,1055.55,expense,Food
Zepto quick grocery Ref #93886,3464.17,expense,Food
POS REIMBURSEMENT MEDICAL CLAIM CREDIT,174219.47,income,Salary
POS FRIEND LOAN REPAYMENT CASH TRANSFER,314.84,income,Other
UPI/friendloanrepaymentcashtransfer/564478,7735.13,income,Other
POS EYE CARE OPTICAL GLASSES LENS,10806.84,expense,Healthcare
ATM cash withdrawal transaction INR 5852.66,5852.66,expense,Other
POS APOLLO PHARMACY PRESCRIPTION MEDICINES,9703.09,expense,Healthcare
House deposit monthly installment,12916.21,expense,Rent
Client UI design consulting invoice Ref #33480,36235.43,income,Freelance
UPI/myntrafashionapparel/705050,12496.97,expense,Shopping
UPI/airindiadomesticflight/878086,3405.25,expense,Transport
YouTube Premium family bundle,1760.82,expense,Entertainment
Udemy python machine learning course INR 13747.35,13747.35,expense,Education
POS HOUSE DEPOSIT MONTHLY INSTALLMENT,17579.73,expense,Rent
UPI/byju'slearningtabletsubscription/218710,24962.36,expense,Education
SRL Diagnostics lipid profile panel Ref #20363,4063.62,expense,Healthcare
Credit card annual renewal surcharge,2794.13,income,Other
UPI/quarterlyperformanceappraisalbonus/884645,79180.22,income,Salary
UPI/museumentrytickets/592972,1027.91,expense,Entertainment
Mahanagar Gas piped natural gas,4185.91,expense,Utilities
Fixed deposit creation ICICI bank,24138.76,expense,Investment
Corporate employer net salary deposit INR 38444.18,38444.18,income,Salary
Uniqlo winter wear,18899.44,expense,Shopping
Subway club sub Ref #85914,3392.99,expense,Food
UPI/tata1mghealthcarevitaminsupplements/286266,5826.27,expense,Healthcare
UPI/clientuidesignconsultinginvoice/311505,35728.04,income,Freelance
POS OFFICE STUDIO MONTHLY RENT,10314.10,expense,Rent
Office studio monthly rent INR 23822.45,23822.45,expense,Rent
Amazon retail purchase INR 24997.73,24997.73,expense,Shopping
Stanza Living student PG rent Ref #99922,10441.36,expense,Rent
Physiotherapy rehabilitation session Ref #83339,8739.40,expense,Healthcare
POS COLLEGE SEMESTER TUITION FEE,14378.43,expense,Education
Dentist clinic dental cleaning Ref #42321,4429.33,expense,Healthcare
House deposit monthly installment INR 12391.73,12391.73,expense,Rent
UPI/birthdaycashgiftreceived/644719,9451.57,expense,Other
Donation to PM CARES relief fund INR 6999.65,6999.65,income,Other
Tata Silver ETF purchase order Ref #86372,28763.10,expense,Investment
YouTube Premium family bundle INR 1163.13,1163.13,expense,Entertainment
Infosys Technologies monthly salary Ref #92132,73169.02,income,Salary
POS UDEMY PYTHON MACHINE LEARNING COURSE,14443.45,expense,Education
Coliving monthly rental stay INR 14392.84,14392.84,expense,Rent
Smaaash gaming arcade pass,1161.35,expense,Entertainment
Zoomcar rental deposit,4535.70,expense,Transport
H&M cotton shirt,23343.27,expense,Shopping
Annual festival performance incentive,159205.44,income,Salary
House deposit monthly installment INR 10557.58,10557.58,expense,Rent
POS YOUTUBE PREMIUM FAMILY BUNDLE,355.45,expense,Entertainment
Content marketing retainer wire transfer,37462.65,income,Freelance
POS INOX MULTIPLEX POPCORN COMBO,1880.39,expense,Entertainment
UPI/rapidobiketaxi/535686,2810.78,expense,Transport
Audible audiobooks monthly credit Ref #82089,1746.18,expense,Entertainment
UPI/pindballuchifamilydinner/946305,2171.94,expense,Food
Charity contribution CRY foundation Ref #17641,7963.07,income,Other
Infosys Technologies monthly salary,143957.35,income,Salary
Corporate employer net salary deposit INR 101321.24,101321.24,income,Salary
PlayStation Plus quarterly network INR 1166.26,1166.26,expense,Entertainment
Tata Silver ETF purchase order Ref #92616,35064.41,expense,Investment
YouTube Premium family bundle,1928.13,expense,Entertainment
Upwork Escrow freelance earnings credit Ref #59155,41383.33,income,Freelance
Apollo Pharmacy prescription medicines INR 7436.84,7436.84,expense,Healthcare
Fixed deposit creation ICICI bank INR 2900.34,2900.34,expense,Investment
Independent code audit consulting fee INR 16251.66,16251.66,income,Freelance
Coliving monthly rental stay,31807.81,expense,Rent
POS STANZA LIVING STUDENT PG RENT,10003.41,expense,Rent
UPI/vicellularmonthlybill/769737,3889.20,expense,Utilities
POS NETMEDS ONLINE MEDICINE ORDER,2330.97,expense,Healthcare
Monthly tech payroll salary credit Ref #53512,157426.03,income,Salary
Delhi Metro smart card INR 8045.91,8045.91,expense,Transport
UPI/tataplaydthrecharge/163182,3113.59,expense,Utilities
UPI/fiverrinternationalgigpayment/713805,34825.01,income,Freelance
Zepto quick grocery,1307.71,expense,Food
Physiotherapy rehabilitation session,11631.71,expense,Healthcare
Credit card annual renewal surcharge Ref #67915,8066.61,expense,Other
Charity contribution CRY foundation INR 7823.21,7823.21,expense,Other
Cheque clearing charge fee Ref #96972,382.86,expense,Other
JioCinema premium subscription Ref #44116,738.26,expense,Entertainment
Museum entry tickets,833.58,expense,Entertainment
Monthly tech payroll salary credit INR 91195.42,91195.42,income,Salary
House deposit monthly installment Ref #11610,9189.02,expense,Rent
Bharat Petroleum diesel fill,2966.71,expense,Transport
Annual festival performance incentive,86785.06,income,Salary
Birthday cash gift received INR 4180.82,4180.82,income,Other
UPI/colivingmonthlyrentalstay/999138,12831.95,expense,Rent
Monthly tech payroll salary credit,131996.08,income,Salary
UPI/indigoflightticketbooking/388375,605.01,expense,Transport
Mirae Asset Large Cap Fund SIP Ref #36097,45983.52,expense,Investment
UPI/vaccinationclinicboosterdose/258366,955.42,expense,Healthcare
POS MUNICIPAL WASTE MANAGEMENT FEE,5155.44,expense,Utilities
Delhi Metro smart card,4614.82,expense,Transport
Credit card annual renewal surcharge Ref #29942,3274.37,expense,Other
Tata Play DTH recharge Ref #67807,1291.27,expense,Utilities
Bank account annual debit card maintenance INR 4864.17,4864.17,income,Other
Reimbursement medical claim credit Ref #29481,129816.68,income,Salary
Pind Balluchi family dinner INR 2421.38,2421.38,expense,Food
IRCTC railway train ticket,3016.15,expense,Transport
Allen Career Institute coaching fees INR 31814.27,31814.27,expense,Education
UPI/vijaysaleshomeappliance/736745,4527.61,expense,Shopping
POS MAINLAND CHINA LUNCH,1318.03,expense,Food
UPI/manipalhospitalopdconsultation/343420,1307.58,expense,Healthcare
POS HALDIRAM'S DINNER,2163.23,expense,Food
House deposit monthly installment Ref #48980,25836.14,expense,Rent
Mirae Asset Large Cap Fund SIP Ref #39878,48652.34,expense,Investment
Lifestyle sunglasses purchase Ref #45683,17613.45,expense,Shopping
POS STANZA LIVING STUDENT PG RENT,21863.41,expense,Rent
POS UDEMY PYTHON MACHINE LEARNING COURSE,23444.32,expense,Education
GRE exam test fee payment Ref #69303,4843.32,expense,Education
POS EYE CARE OPTICAL GLASSES LENS,2121.11,expense,Healthcare
Reliance Digital headphones Ref #73242,10621.06,expense,Shopping
Corporate employer net salary deposit,142649.85,income,Salary
IndiGo flight ticket booking,8405.54,expense,Transport
Groww Mutual Fund monthly SIP Ref #48085,43832.88,expense,Investment
POS COLIVING MONTHLY RENTAL STAY,10131.79,expense,Rent
UPI/sagarratnasouthindianmeal/680099,1889.57,expense,Food
POS TATA SILVER ETF PURCHASE ORDER,36534.15,expense,Investment
Woodland leather wallet Ref #50730,17860.66,expense,Shopping
UPI/officestudiomonthlyrent/330069,28629.34,expense,Rent
Monthly tech payroll salary credit,157957.37,income,Salary
UPI/flatlandlordrentdirectneft/196446,29851.06,expense,Rent
UPI/manipalhospitalopdconsultation/105447,1412.63,expense,Healthcare
POS TANISHQ SILVER JEWELLERY,6776.11,expense,Shopping
Tanishq silver jewellery,19906.15,expense,Shopping
POS AMAZON PRIME ANNUAL MEMBERSHIP,1930.40,expense,Entertainment
UPI/edxcertificatefee/521818,19348.52,expense,Education
Stationery depot notebooks and pens INR 7885.35,7885.35,expense,Education
UPI/clientuidesignconsultinginvoice/288783,16643.90,income,Freelance
House deposit monthly installment,28907.90,expense,Rent
Kisan Vikas Patra post office,19384.43,expense,Investment
Oxford University Press textbooks Ref #61213,24368.90,expense,Education
Myntra fashion apparel Ref #41890,5851.27,expense,Shopping
Manipal Hospital OPD consultation Ref #24790,3416.45,expense,Healthcare
Dunkin Donuts breakfast Ref #57576,462.59,expense,Food
Software development milestone payout INR 32888.13,32888.13,income,Freelance
UPI/flipkartorderelectronics/232413,17556.47,expense,Shopping
POS MONTHLY APARTMENT HOUSE RENT TRANSFER,10365.97,expense,Rent
Standup comedy open mic ticket Ref #15741,809.54,expense,Entertainment
UPI/mcdonald'sdrive-thru/690341,1647.34,expense,Food
House deposit monthly installment,34713.90,expense,Rent
Indian Oil fuel pump petrol,2683.34,expense,Transport
POS CLIENT UI DESIGN CONSULTING INVOICE,67787.83,income,Freelance
BigBasket daily veggies INR 1528.64,1528.64,expense,Food
Stanza Living student PG rent Ref #13697,32677.46,expense,Rent
UPI/birthdaycashgiftreceived/332665,3073.31,expense,Other
Cycle service station INR 3869.45,3869.45,expense,Transport
Cambridge IELTS exam registration fee,17530.47,expense,Education
Skin clinic consultation fee Ref #30214,1122.15,expense,Healthcare
POS MIRAE ASSET LARGE CAP FUND SIP,39540.98,expense,Investment
Monthly apartment house rent transfer,9516.54,expense,Rent
Society apartment maintenance levy INR 4591.44,4591.44,expense,Utilities
GRE exam test fee payment,11115.72,expense,Education
GRE exam test fee payment INR 13861.05,13861.05,expense,Education
UPI/cambridgeieltsexamregistrationfee/932336,35378.95,expense,Education
Apple Music individual INR 1018.26,1018.26,expense,Entertainment
PVR Cinemas IMAX weekend tickets,964.20,expense,Entertainment
UPI/disney+hotstarsuperplan/633469,1935.61,expense,Entertainment
POS FRIEND LOAN REPAYMENT CASH TRANSFER,7263.45,expense,Other
POS REIMBURSEMENT MEDICAL CLAIM CREDIT,115217.82,income,Salary
Tata Power consumer bill payment INR 2502.65,2502.65,expense,Utilities
UPI/shellindiapremiumfuel/378258,183.35,expense,Transport
Shoppers Stop casuals Ref #45774,12410.45,expense,Shopping
UPI/delhimetrosmartcard/377896,4017.20,expense,Transport
Apollo Pharmacy prescription medicines INR 7568.02,7568.02,expense,Healthcare
UPI/birthdaycashgiftreceived/696707,5747.82,expense,Other
Public Provident Fund PPF annual deposit Ref #18783,45629.42,expense,Investment
Charity contribution CRY foundation INR 1307.42,1307.42,expense,Other
BookMyShow cinema tickets,2337.83,expense,Entertainment
Chai Point tea & snacks,638.84,expense,Food
Guest lecture honorarium credit INR 58023.13,58023.13,income,Freelance
Tanishq silver jewellery INR 11636.95,11636.95,expense,Shopping
House deposit monthly installment Ref #72650,8538.06,expense,Rent
Fixed deposit creation ICICI bank Ref #98063,45419.80,expense,Investment
KFC crispy chicken Ref #30730,1083.77,expense,Food
Coliving monthly rental stay,12703.47,expense,Rent
POS WIPRO LIMITED PAYROLL DISBURSEMENT,168572.81,income,Salary
UPI/netflix4kuhdmonthlysubscription/256782,634.44,expense,Entertainment
POS PARADISE BIRYANI TAKEAWAY,2872.73,expense,Food
Reimbursement medical claim credit Ref #47701,69451.34,income,Salary
Groww Mutual Fund monthly SIP INR 28571.50,28571.50,expense,Investment
POS BWSSB WATER SUPPLY BILL,4433.26,expense,Utilities
House deposit monthly installment Ref #17850,19335.03,expense,Rent
Accenture payroll direct credit Ref #48854,105586.68,income,Salary
Coliving monthly rental stay INR 18333.69,18333.69,expense,Rent
Cambridge IELTS exam registration fee,23252.57,expense,Education
UPI/standupcomedyopenmicticket/757685,2094.42,expense,Entertainment
Ajio footwear Ref #80010,748.05,expense,Shopping
Fiverr international gig payment Ref #96956,52306.85,income,Freelance
House deposit monthly installment,25204.82,expense,Rent
Standup comedy open mic ticket INR 2188.09,2188.09,expense,Entertainment
UPI/lifestylesunglassespurchase/869440,11112.98,expense,Shopping
UPI/fixeddepositcreationicicibank/593649,15395.42,expense,Investment
IndiGo flight ticket booking,8337.55,expense,Transport
Haldiram's dinner INR 934.34,934.34,expense,Food
POS FIVERR INTERNATIONAL GIG PAYMENT,28797.61,income,Freelance
Client UI design consulting invoice INR 48624.82,48624.82,income,Freelance
Sovereign Gold Bond tranche investment INR 2848.54,2848.54,expense,Investment
UPI/stationerydepotnotebooksandpens/730193,11542.68,expense,Education
UPI/solarrooftopservicefee/309144,2782.21,expense,Utilities
UPI/corporateemployernetsalarydeposit/362865,132394.36,income,Salary
Shoppers Stop casuals Ref #71644,20938.81,expense,Shopping
POS DENTIST CLINIC DENTAL CLEANING,11884.26,expense,Healthcare
Bharat Petroleum diesel fill INR 6920.30,6920.30,expense,Transport
UPI/jiocinemapremiumsubscription/956572,2324.07,expense,Entertainment
Bank account annual debit card maintenance Ref #18739,5279.69,expense,Other
UPI/practodoctorvideoconsult/381444,3336.69,expense,Healthcare
UPI/mainlandchinalunch/141672,2059.90,expense,Food
POS INOX MULTIPLEX POPCORN COMBO,2229.62,expense,Entertainment
Practo doctor video consult Ref #82710,5468.80,expense,Healthcare
Vijay Sales home appliance,8760.93,expense,Shopping
POS UNIQLO WINTER WEAR,1106.02,expense,Shopping
POS ZEPTO QUICK GROCERY,3292.19,expense,Food
POS AXIS SMALL CAP FUND MONTHLY DEBIT,24989.28,expense,Investment
Municipal waste management fee,3472.01,expense,Utilities
UPI/atmcashwithdrawaltransaction/887029,894.21,income,Other
POS H&M COTTON SHIRT,1536.86,expense,Shopping
POS BURGER KING COMBO MEAL,2364.09,expense,Food
UPI/starbuckscoffee/799287,1814.36,expense,Food
Subway club sub,736.09,expense,Food
Birthday cash gift received Ref #89423,3726.90,expense,Other
POS MUNICIPAL WASTE MANAGEMENT FEE,1718.03,expense,Utilities
POS STARBUCKS COFFEE,1456.96,expense,Food
Axis Small Cap Fund monthly debit,15625.32,expense,Investment
Domino's Pizza delivery,807.18,expense,Food
Upwork Escrow freelance earnings credit,31559.96,income,Freelance
UPI/applestoreusbcable/882169,10867.39,expense,Shopping
UPI/h&mcottonshirt/728492,5089.02,expense,Shopping
Auto rickshaw meter payment Ref #49599,3910.26,expense,Transport
Croma electronics accessory,17791.11,expense,Shopping
POS SOFTWARE DEVELOPMENT MILESTONE PAYOUT,22317.76,income,Freelance
Standup comedy open mic ticket INR 398.54,398.54,expense,Entertainment
BigBasket daily veggies INR 992.48,992.48,expense,Food
UPI/bwssbwatersupplybill/267457,1590.25,expense,Utilities
Udemy python machine learning course,26637.26,expense,Education
PlayStation Plus quarterly network INR 1597.50,1597.50,expense,Entertainment
POS INDEPENDENT CODE AUDIT CONSULTING FEE,56504.77,income,Freelance
Pind Balluchi family dinner,609.41,expense,Food
Udemy python machine learning course Ref #51480,44416.26,expense,Education
Blinkit grocery essentials Ref #70217,2840.38,expense,Food
Public Provident Fund PPF annual deposit INR 41351.81,41351.81,expense,Investment
Delhi Metro smart card Ref #74139,5584.09,expense,Transport
UPI/allencareerinstitutecoachingfees/615611,18705.89,expense,Education
RedBus intercity bus seat Ref #74260,5847.52,expense,Transport
UPI/tataplaydthrecharge/462147,4117.57,expense,Utilities
UPI/flatlandlordrentdirectneft/258471,23234.66,expense,Rent
Guest lecture honorarium credit INR 45243.47,45243.47,income,Freelance
UPI/tanishqsilverjewellery/313446,19095.77,expense,Shopping
Kisan Vikas Patra post office,24670.90,expense,Investment
YouTube Premium family bundle Ref #92306,547.76,expense,Entertainment
POS SOCIETY APARTMENT MAINTENANCE LEVY,1969.39,expense,Utilities
IRCTC railway train ticket INR 7361.45,7361.45,expense,Transport
Quarterly performance appraisal bonus INR 112550.98,112550.98,income,Salary
POS INDIGO FLIGHT TICKET BOOKING,5541.12,expense,Transport
Birthday cash gift received Ref #34461,1978.78,income,Other
POS CHALO BUS CARD RECHARGE,3920.46,expense,Transport
IRCTC railway train ticket,438.62,expense,Transport
Mahanagar Gas piped natural gas Ref #89395,2665.34,expense,Utilities
Byju's learning tablet subscription,857.79,expense,Education
UPI/clientuidesignconsultinginvoice/805893,29857.63,income,Freelance
Allen Career Institute coaching fees Ref #44465,23811.04,expense,Education
UPI/sovereigngoldbondtrancheinvestment/385037,48153.19,expense,Investment
UPI/mainlandchinalunch/609597,372.93,expense,Food
UPI/tatapowerconsumerbillpayment/352422,2927.82,expense,Utilities
Cheque clearing charge fee Ref #40497,1345.69,expense,Other
UPI/cambridgeieltsexamregistrationfee/362552,29628.82,expense,Education
Netflix 4K UHD monthly subscription,690.51,expense,Entertainment
Accenture payroll direct credit,100662.63,income,Salary
Accenture payroll direct credit Ref #46458,82979.75,income,Salary
POS BANK ACCOUNT ANNUAL DEBIT CARD MAINTENANCE,7279.20,expense,Other
POS JIO FIBER MONTHLY PLAN RECHARGE,552.07,expense,Utilities
Groww Mutual Fund monthly SIP,14852.63,expense,Investment
POS DELHI METRO SMART CARD,8202.77,expense,Transport
Apple Music individual Ref #17518,767.02,expense,Entertainment
Flat landlord rent direct NEFT,12344.42,expense,Rent
Monthly apartment house rent transfer INR 22621.72,22621.72,expense,Rent
POS SOVEREIGN GOLD BOND TRANCHE INVESTMENT,19632.43,expense,Investment
UPI/housedepositmonthlyinstallment/297377,23203.94,expense,Rent
Allen Career Institute coaching fees Ref #38153,697.03,expense,Education
POS REDBUS INTERCITY BUS SEAT,813.06,expense,Transport
UPI/fiverrinternationalgigpayment/960959,52158.85,income,Freelance
POS BOOKMYSHOW CINEMA TICKETS,1190.56,expense,Entertainment
UPI/birthdaycashgiftreceived/262555,781.88,expense,Other
Donation to PM CARES relief fund INR 8655.99,8655.99,income,Other
Birthday cash gift received INR 7988.00,7988.00,expense,Other
POS DOMINO'S PIZZA DELIVERY,231.80,expense,Food
Airport parking payment Ref #69890,4494.29,expense,Transport
Coursera annual specialization pass Ref #65725,24812.27,expense,Education
Dunkin Donuts breakfast Ref #22704,731.20,expense,Food
POS REDBUS INTERCITY BUS SEAT,6215.23,expense,Transport
Credit card annual renewal surcharge Ref #14543,101.94,income,Other
Croma electronics accessory Ref #64548,14128.60,expense,Shopping
Fiverr international gig payment INR 38310.84,38310.84,income,Freelance
Infosys Technologies monthly salary Ref #77147,94848.09,income,Salary
Inox multiplex popcorn combo Ref #71487,1857.15,expense,Entertainment
Stanza Living student PG rent INR 21555.11,21555.11,expense,Rent
POS VIJAY SALES HOME APPLIANCE,3251.67,expense,Shopping
UPI/standupcomedyopenmicticket/985506,347.38,expense,Entertainment
UPI/audibleaudiobooksmonthlycredit/969226,1657.43,expense,Entertainment
UPI/bookmyshowcinematickets/851759,845.21,expense,Entertainment
POS FRIEND LOAN REPAYMENT CASH TRANSFER,2071.88,expense,Other
Society apartment maintenance levy,2018.89,expense,Utilities
POS MYNTRA FASHION APPAREL,4110.43,expense,Shopping
UPI/courseraannualspecializationpass/956401,12194.54,expense,Education
Skin clinic consultation fee INR 7186.61,7186.61,expense,Healthcare
POS SWIGGY ORDER,2411.45,expense,Food
Airtel Xstream fiber broadband Ref #71186,5479.04,expense,Utilities
POS SOFTWARE DEVELOPMENT MILESTONE PAYOUT,7352.65,income,Freelance
Mirae Asset Large Cap Fund SIP,12490.76,expense,Investment
Groww Mutual Fund monthly SIP Ref #46239,4128.02,expense,Investment
UPI/redbusintercitybusseat/930884,8402.10,expense,Transport
Cheque clearing charge fee,3828.41,expense,Other
GRE exam test fee payment INR 11525.74,11525.74,expense,Education
POS GUEST LECTURE HONORARIUM CREDIT,23047.38,income,Freelance
UPI/reimbursementmedicalclaimcredit/549323,89693.74,income,Salary
IKEA home decor,18935.49,expense,Shopping
House deposit monthly installment Ref #75390,25476.52,expense,Rent
UPI/publicprovidentfundppfannualdeposit/642421,10229.64,expense,Investment
Oxford University Press textbooks Ref #39470,1953.96,expense,Education
POS GUEST LECTURE HONORARIUM CREDIT,19749.28,income,Freelance
McDonald's drive-thru,2341.52,expense,Food
POS ZOOMCAR RENTAL DEPOSIT,3897.66,expense,Transport
Fiverr international gig payment INR 23371.66,23371.66,income,Freelance
UPI/airportparkingpayment/265649,5775.81,expense,Transport
UPI/greexamtestfeepayment/233096,7929.02,expense,Education
UPI/friendloanrepaymentcashtransfer/263568,6885.06,expense,Other
POS APPLE STORE USB CABLE,21655.06,expense,Shopping
Shell India premium fuel,7763.41,expense,Transport
Guest lecture honorarium credit INR 40173.26,40173.26,income,Freelance
UPI/steamgamesonlinestore/677599,1578.51,expense,Entertainment
Domino's Pizza delivery,2794.58,expense,Food
Burger King combo meal,533.00,expense,Food
Standup comedy open mic ticket INR 2391.82,2391.82,expense,Entertainment
National Pension System NPS tier 1 Ref #39272,11890.42,expense,Investment
UPI/paradisebiryanitakeaway/549245,2634.79,expense,Food
Parag Parikh Flexi Cap Fund Ref #68856,6893.81,expense,Investment
Tata Consultancy Services salary Ref #57118,75118.58,income,Salary
UPI/srldiagnosticslipidprofilepanel/160423,9698.45,expense,Healthcare
UPI/zomatoonlinedelivery/349565,322.33,expense,Food
POS ACCENTURE PAYROLL DIRECT CREDIT,174005.54,income,Salary
POS ZARA CLOTHING STORE,24132.13,expense,Shopping
UPI/jiotrue5gunlimitedrecharge/802371,1560.02,expense,Utilities
Standup comedy open mic ticket,1155.49,expense,Entertainment
Credit card annual renewal surcharge Ref #44732,1645.46,income,Other
Monthly apartment house rent transfer INR 13418.12,13418.12,expense,Rent
POS SOVEREIGN GOLD BOND TRANCHE INVESTMENT,19769.13,expense,Investment
UPI/airtelxstreamfiberbroadband/458955,5042.96,expense,Utilities
Allen Career Institute coaching fees INR 28471.02,28471.02,expense,Education
Wipro Limited payroll disbursement,75820.03,income,Salary
Netmeds online medicine order INR 9810.29,9810.29,expense,Healthcare
Local vegetable market INR 3342.05,3342.05,expense,Food
Puma running shoes INR 11839.84,11839.84,expense,Shopping
Software development milestone payout Ref #30625,15516.83,income,Freelance
POS LOCAL LIBRARY MEMBERSHIP RENEWAL,35163.93,expense,Education
Ola autos commute INR 5123.47,5123.47,expense,Transport
Comic con pass booking INR 1671.49,1671.49,expense,Entertainment
Monthly tech payroll salary credit INR 128477.80,128477.80,income,Salary
Fiverr international gig payment INR 59577.10,59577.10,income,Freelance
POS DENTIST CLINIC DENTAL CLEANING,899.72,expense,Healthcare
Society apartment maintenance levy,3685.53,expense,Utilities
UPI/monthlyapartmenthouserenttransfer/434198,15962.53,expense,Rent
Comic con pass booking Ref #33652,1118.30,expense,Entertainment
ATM cash withdrawal transaction Ref #47226,1786.16,income,Other
UPI/solarrooftopservicefee/900961,4082.77,expense,Utilities
Zoomcar rental deposit INR 3684.09,3684.09,expense,Transport
Infosys Technologies monthly salary,132186.86,income,Salary
UPI/solarrooftopservicefee/940952,4237.98,expense,Utilities
Air India domestic flight,5013.03,expense,Transport
POS SOLAR ROOFTOP SERVICE FEE,3616.95,expense,Utilities
Software development milestone payout,23987.37,income,Freelance
UPI/birthdaycashgiftreceived/171789,1961.21,income,Other
Vaccination clinic booster dose Ref #97584,11350.48,expense,Healthcare
Quarterly performance appraisal bonus Ref #98098,169360.85,income,Salary
Dr Lal PathLabs full blood test,9339.84,expense,Healthcare
Zerodha Broking equity fund transfer Ref #85255,45437.12,expense,Investment
Tata 1mg healthcare vitamin supplements,9678.31,expense,Healthcare
Airtel Xstream fiber broadband Ref #94656,4282.07,expense,Utilities
POS CHARITY CONTRIBUTION CRY FOUNDATION,8710.89,expense,Other
Titan watch showroom INR 13985.38,13985.38,expense,Shopping
POS SBI NIFTY 50 INDEX FUND DIRECT,40466.06,expense,Investment
Charity contribution CRY foundation INR 6878.91,6878.91,income,Other
Mahanagar Gas piped natural gas Ref #42495,1690.12,expense,Utilities
Technical writing freelance retainer INR 56597.86,56597.86,income,Freelance
Tata Power consumer bill payment,1121.18,expense,Utilities
Corporate employer net salary deposit INR 130340.66,130340.66,income,Salary
Airport parking payment INR 5684.80,5684.80,expense,Transport
POS TATA SILVER ETF PURCHASE ORDER,41701.98,expense,Investment
Tata Play DTH recharge,1286.33,expense,Utilities
Fixed deposit creation ICICI bank,41871.30,expense,Investment
UPI/medplushealthcaredrugs/725920,6717.50,expense,Healthcare
POS UPWORK ESCROW FREELANCE EARNINGS CREDIT,69342.42,income,Freelance
Donation to PM CARES relief fund,7719.84,expense,Other
UPI/netmedsonlinemedicineorder/400614,6498.50,expense,Healthcare
UPI/flatlandlordrentdirectneft/329659,16609.69,expense,Rent
Stanza Living student PG rent Ref #84912,30301.92,expense,Rent
UPI/officestudiomonthlyrent/559507,9299.98,expense,Rent
Charity contribution CRY foundation,249.17,income,Other
Netmeds online medicine order INR 2872.73,2872.73,expense,Healthcare
Netflix 4K UHD monthly subscription,1272.35,expense,Entertainment
Jio Fiber monthly plan recharge INR 4309.88,4309.88,expense,Utilities
UPI/reimbursementmedicalclaimcredit/754487,64128.92,income,Salary
Pind Balluchi family dinner,2708.61,expense,Food
IndiGo flight ticket booking Ref #30392,7514.24,expense,Transport
Jio Fiber monthly plan recharge Ref #45537,4605.18,expense,Utilities
Jio true 5G unlimited recharge,1144.17,expense,Utilities
POS TECHNICAL WRITING FREELANCE RETAINER,63445.83,income,Freelance
Annual festival performance incentive Ref #96602,92291.42,income,Salary
POS COMIC CON PASS BOOKING,2020.46,expense,Entertainment
Vaccination clinic booster dose,8172.86,expense,Healthcare
UPI/reimbursementmedicalclaimcredit/104548,174758.94,income,Salary
POS TATA 1MG HEALTHCARE VITAMIN SUPPLEMENTS,10385.06,expense,Healthcare
BookMyShow cinema tickets Ref #77811,1197.59,expense,Entertainment
Coding boot camp enrollment INR 7789.72,7789.72,expense,Education
UPI/upworkescrowfreelanceearningscredit/343007,58303.07,income,Freelance
Zerodha Broking equity fund transfer,12087.02,expense,Investment
Byju's learning tablet subscription,6742.34,expense,Education
Stanza Living student PG rent,34209.05,expense,Rent
Software development milestone payout INR 71200.11,71200.11,income,Freelance
Software development milestone payout Ref #35496,47445.44,income,Freelance
POS INDEPENDENT CODE AUDIT CONSULTING FEE,50710.92,income,Freelance
Comic con pass booking Ref #21221,1644.50,expense,Entertainment
Tata Play DTH recharge Ref #44803,3403.53,expense,Utilities
Reimbursement medical claim credit INR 138915.42,138915.42,income,Salary
UPI/monthlytechpayrollsalarycredit/930244,154756.77,income,Salary
Charity contribution CRY foundation,2011.88,expense,Other
Technical writing freelance retainer INR 33619.16,33619.16,income,Freelance
POS AIRTEL PREPAID 84 DAYS RECHARGE,3798.06,expense,Utilities
SonyLIV entertainment pass Ref #84766,1675.87,expense,Entertainment
POS MONTHLY APARTMENT HOUSE RENT TRANSFER,30970.44,expense,Rent
UPI/srldiagnosticslipidprofilepanel/525750,1086.38,expense,Healthcare
Wipro Limited payroll disbursement INR 138221.78,138221.78,income,Salary
Amazon Prime annual membership INR 449.30,449.30,expense,Entertainment
Client UI design consulting invoice INR 70742.27,70742.27,income,Freelance
UPI/fixeddepositcreationicicibank/108874,30455.96,expense,Investment
Lifestyle sunglasses purchase Ref #68008,23770.97,expense,Shopping
Guest lecture honorarium credit INR 58497.09,58497.09,income,Freelance
Croma electronics accessory,11628.96,expense,Shopping
UPI/bookmyshowcinematickets/434165,654.44,expense,Entertainment
POS NETMEDS ONLINE MEDICINE ORDER,11618.27,expense,Healthcare
Mirae Asset Large Cap Fund SIP Ref #22183,44045.30,expense,Investment
POS EYE CARE OPTICAL GLASSES LENS,1165.48,expense,Healthcare
UPI/cromaelectronicsaccessory/666390,8661.85,expense,Shopping
Zepto quick grocery INR 1630.66,1630.66,expense,Food
Monthly tech payroll salary credit INR 114821.86,114821.86,income,Salary
UPI/accenturepayrolldirectcredit/218881,167810.20,income,Salary
Reimbursement medical claim credit,113803.05,income,Salary
UPI/amazonretailpurchase/329471,19549.14,expense,Shopping
POS KFC CRISPY CHICKEN,1590.91,expense,Food
POS CHEQUE CLEARING CHARGE FEE,2966.99,expense,Other
RedBus intercity bus seat Ref #99889,118.43,expense,Transport
UPI/decathlonsportsgear/981334,18214.86,expense,Shopping
UPI/youtubepremiumfamilybundle/985447,322.70,expense,Entertainment
UPI/accenturepayrolldirectcredit/738576,95706.39,income,Salary
POS NATIONAL PENSION SYSTEM NPS TIER 1,43266.21,expense,Investment
Monthly apartment house rent transfer INR 10852.76,10852.76,expense,Rent
UPI/nykaacosmeticsorder/526170,6337.36,expense,Shopping
UPI/monthlyapartmenthouserenttransfer/640828,14026.00,expense,Rent
Content marketing retainer wire transfer,47831.65,income,Freelance
Office studio monthly rent Ref #43924,23722.74,expense,Rent
Coliving monthly rental stay,26529.70,expense,Rent
Axis Small Cap Fund monthly debit,6513.42,expense,Investment
UPI/independentcodeauditconsultingfee/646699,54261.54,income,Freelance
Coursera annual specialization pass Ref #17925,10099.78,expense,Education
JioCinema premium subscription Ref #63088,800.70,expense,Entertainment
UPI/upworkescrowfreelanceearningscredit/430738,30983.76,income,Freelance
Netflix 4K UHD monthly subscription INR 535.89,535.89,expense,Entertainment
Flat landlord rent direct NEFT Ref #69270,33706.61,expense,Rent
Air India domestic flight Ref #46160,561.65,expense,Transport
Independent code audit consulting fee,64802.83,income,Freelance
POS AUDIBLE AUDIOBOOKS MONTHLY CREDIT,1138.91,expense,Entertainment
Flat landlord rent direct NEFT,14386.88,expense,Rent
Medplus healthcare drugs,10167.16,expense,Healthcare
UPI/quarterlyperformanceappraisalbonus/182659,153479.98,income,Salary
National Pension System NPS tier 1 Ref #60272,7317.61,expense,Investment
POS PUBLIC PROVIDENT FUND PPF ANNUAL DEPOSIT,23380.81,expense,Investment
POS RAPIDO BIKE TAXI,8037.24,expense,Transport
Infosys Technologies monthly salary INR 41057.11,41057.11,income,Salary
UPI/carwashexpress/789786,5196.01,expense,Transport
Stationery depot notebooks and pens Ref #85684,22280.40,expense,Education
Birthday cash gift received,1033.44,expense,Other
UPI/friendloanrepaymentcashtransfer/867115,600.15,expense,Other
Flat landlord rent direct NEFT INR 20737.64,20737.64,expense,Rent
Cafe Coffee Day cappuccino,911.05,expense,Food
POS WIPRO LIMITED PAYROLL DISBURSEMENT,53859.65,income,Salary
POS ACCENTURE PAYROLL DIRECT CREDIT,94834.90,income,Salary
Groww Mutual Fund monthly SIP Ref #36181,10733.69,expense,Investment
Cycle service station INR 6238.44,6238.44,expense,Transport
UPI/codingbootcampenrollment/258727,28449.19,expense,Education
Flat landlord rent direct NEFT INR 16284.23,16284.23,expense,Rent
UPI/oxforduniversitypresstextbooks/945106,4474.32,expense,Education
POS CONTENT MARKETING RETAINER WIRE TRANSFER,9485.63,income,Freelance
UPI/jiotrue5gunlimitedrecharge/129751,4591.05,expense,Utilities
Bharat Gas refill booking INR 3949.79,3949.79,expense,Utilities
Fixed deposit creation ICICI bank Ref #95904,36342.88,expense,Investment
Content marketing retainer wire transfer INR 64423.05,64423.05,income,Freelance
Pind Balluchi family dinner INR 1011.43,1011.43,expense,Food
UPI/shellindiapremiumfuel/575528,2913.97,expense,Transport
Credit card annual renewal surcharge Ref #66418,190.41,income,Other
UPI/colivingmonthlyrentalstay/296242,17556.47,expense,Rent
POS CHEQUE CLEARING CHARGE FEE,2738.39,expense,Other
Vaccination clinic booster dose Ref #94108,11603.12,expense,Healthcare
POS STATIONERY DEPOT NOTEBOOKS AND PENS,25193.16,expense,Education
POS BHARAT GAS REFILL BOOKING,2113.13,expense,Utilities
IRCTC railway train ticket INR 6845.76,6845.76,expense,Transport
Air India domestic flight,8338.84,expense,Transport
UPI/skinclinicconsultationfee/855303,2155.80,expense,Healthcare
Lifestyle sunglasses purchase Ref #16734,4935.35,expense,Shopping
Croma electronics accessory Ref #51359,18143.59,expense,Shopping
UPI/inoxmultiplexpopcorncombo/702980,1571.53,expense,Entertainment
POS SOFTWARE DEVELOPMENT MILESTONE PAYOUT,45504.20,income,Freelance
Wipro Limited payroll disbursement,167143.71,income,Salary
Steam games online store,539.55,expense,Entertainment
UPI/birthdaycashgiftreceived/154617,3668.22,expense,Other
Indane LPG cooking gas cylinder refill,3406.70,expense,Utilities
POS SOFTWARE DEVELOPMENT MILESTONE PAYOUT,19740.00,income,Freelance
UPI/shoppersstopcasuals/712451,22659.03,expense,Shopping
UPI/housedepositmonthlyinstallment/354367,27968.55,expense,Rent
Myntra fashion apparel Ref #81121,10426.94,expense,Shopping
Software development milestone payout,20161.54,income,Freelance
Starbucks coffee Ref #42098,2616.10,expense,Food
POS CLIENT UI DESIGN CONSULTING INVOICE,38109.09,income,Freelance
Fortis Healthcare physician visit INR 8775.12,8775.12,expense,Healthcare
POS SKIN CLINIC CONSULTATION FEE,9500.56,expense,Healthcare
Corporate employer net salary deposit,159513.48,income,Salary
Public Provident Fund PPF annual deposit Ref #89777,8048.78,expense,Investment
UPI/titanwatchshowroom/879779,22471.32,expense,Shopping
Guest lecture honorarium credit INR 16712.27,16712.27,income,Freelance
UPI/titanwatchshowroom/528361,4250.70,expense,Shopping
UPI/sagarratnasouthindianmeal/313487,2534.23,expense,Food
UPI/mcdonald'sdrive-thru/997546,2843.44,expense,Food
Client UI design consulting invoice INR 21599.74,21599.74,income,Freelance
Apollo Pharmacy prescription medicines Ref #80747,5351.71,expense,Healthcare
POS DONATION TO PM CARES RELIEF FUND,1985.85,income,Other
UPI/fiverrinternationalgigpayment/600318,14371.82,income,Freelance
Technical writing freelance retainer Ref #56281,33869.82,income,Freelance
Infosys Technologies monthly salary INR 162293.45,162293.45,income,Salary
Byju's learning tablet subscription,23689.13,expense,Education
Fiverr international gig payment,66327.91,income,Freelance
UPI/stanzalivingstudentpgrent/309146,11705.37,expense,Rent
Apollo Pharmacy prescription medicines INR 5036.85,5036.85,expense,Healthcare
Software development milestone payout,29323.26,income,Freelance
POS QUARTERLY PERFORMANCE APPRAISAL BONUS,166414.02,income,Salary
Pind Balluchi family dinner INR 2638.08,2638.08,expense,Food
POS OFFICE STUDIO MONTHLY RENT,29379.75,expense,Rent
UPI/tatasilveretfpurchaseorder/459315,49625.04,expense,Investment
UPI/donationtopmcaresrelieffund/322167,7426.13,expense,Other
UPI/fiverrinternationalgigpayment/339303,16339.96,income,Freelance
Stationery depot notebooks and pens INR 28437.30,28437.30,expense,Education
Blinkit grocery essentials,1549.87,expense,Food
POS TATA PLAY DTH RECHARGE,1067.58,expense,Utilities
Kisan Vikas Patra post office,39168.12,expense,Investment
UPI/stanzalivingstudentpgrent/793150,20715.50,expense,Rent
Tata Play DTH recharge Ref #34405,3670.73,expense,Utilities
Solar rooftop service fee INR 1779.01,1779.01,expense,Utilities
UPI/burgerkingcombomeal/704596,1397.37,expense,Food
POS BOOKMYSHOW CINEMA TICKETS,537.65,expense,Entertainment
Stationery depot notebooks and pens INR 7573.66,7573.66,expense,Education
UPI/societyapartmentmaintenancelevy/401602,1809.64,expense,Utilities
Charity contribution CRY foundation,9799.95,expense,Other
UPI/drlalpathlabsfullbloodtest/419457,1417.62,expense,Healthcare
Mainland China lunch,3276.70,expense,Food
Fortis Healthcare physician visit Ref #57088,6473.75,expense,Healthcare
POS CREDIT CARD ANNUAL RENEWAL SURCHARGE,8212.24,income,Other
UPI/kisanvikaspatrapostoffice/122977,11348.32,expense,Investment
Tata Consultancy Services salary,50626.03,income,Salary
Coliving monthly rental stay INR 9646.43,9646.43,expense,Rent
UPI/societyapartmentmaintenancelevy/256175,3000.05,expense,Utilities
Public Provident Fund PPF annual deposit,14736.99,expense,Investment
Allen Career Institute coaching fees INR 15981.99,15981.99,expense,Education
Tata Silver ETF purchase order INR 48736.75,48736.75,expense,Investment
Netflix 4K UHD monthly subscription Ref #75799,268.88,expense,Entertainment
POS COLLEGE SEMESTER TUITION FEE,15005.65,expense,Education
Amazon Prime annual membership INR 337.80,337.80,expense,Entertainment
Bescom monthly electricity bill Ref #24064,3252.97,expense,Utilities
Bank account annual debit card maintenance,4376.16,expense,Other
POS COURSERA ANNUAL SPECIALIZATION PASS,24186.03,expense,Education
POS FLIPKART ORDER ELECTRONICS,4070.26,expense,Shopping
POS CAR WASH EXPRESS,3268.64,expense,Transport
UPI/chaipointtea&snacks/509386,87.37,expense,Food
POS AMAZON PRIME ANNUAL MEMBERSHIP,1129.71,expense,Entertainment
POS STEAM GAMES ONLINE STORE,2311.13,expense,Entertainment
Infosys Technologies monthly salary,80416.14,income,Salary
Municipal waste management fee INR 3985.16,3985.16,expense,Utilities
Wipro Limited payroll disbursement,82931.60,income,Salary
Coliving monthly rental stay Ref #15848,13037.74,expense,Rent
Uniqlo winter wear,16578.45,expense,Shopping
UPI/axissmallcapfundmonthlydebit/107704,29639.87,expense,Investment
Airtel Xstream fiber broadband,4858.94,expense,Utilities
Zerodha Broking equity fund transfer INR 45664.26,45664.26,expense,Investment
Office studio monthly rent,20059.01,expense,Rent
Municipal waste management fee Ref #11071,1785.18,expense,Utilities
RedBus intercity bus seat,2284.67,expense,Transport
Quarterly performance appraisal bonus INR 156659.79,156659.79,income,Salary
UPI/miraeassetlargecapfundsip/498197,9881.77,expense,Investment
UPI/donationtopmcaresrelieffund/687783,4176.19,expense,Other
POS CORPORATE EMPLOYER NET SALARY DEPOSIT,140210.44,income,Salary
POS CAR WASH EXPRESS,2392.97,expense,Transport
Local vegetable market,1123.75,expense,Food
UPI/guestlecturehonorariumcredit/128679,67756.67,income,Freelance
Physiotherapy rehabilitation session INR 6084.40,6084.40,expense,Healthcare
UPI/allencareerinstitutecoachingfees/787757,44665.63,expense,Education
POS FIVERR INTERNATIONAL GIG PAYMENT,30860.46,income,Freelance
UPI/contentmarketingretainerwiretransfer/226215,37003.72,income,Freelance
Airtel Xstream fiber broadband Ref #91851,1189.41,expense,Utilities
Ajio footwear Ref #97012,7381.15,expense,Shopping
Tata Consultancy Services salary Ref #31094,143776.83,income,Salary
POS SOCIETY APARTMENT MAINTENANCE LEVY,5260.94,expense,Utilities
Rapido bike taxi INR 7078.47,7078.47,expense,Transport
POS TECHNICAL WRITING FREELANCE RETAINER,24828.67,income,Freelance
Independent code audit consulting fee,59525.69,income,Freelance
UPI/creditcardannualrenewalsurcharge/241678,5530.60,income,Other
Coding boot camp enrollment INR 21757.14,21757.14,expense,Education
POS CHARITY CONTRIBUTION CRY FOUNDATION,2573.97,income,Other
Spotify premium family plan Ref #58623,1677.57,expense,Entertainment
Birthday cash gift received INR 7369.57,7369.57,expense,Other
Haldiram's dinner Ref #66959,450.74,expense,Food
Mirae Asset Large Cap Fund SIP Ref #31611,37755.66,expense,Investment
UPI/tataconsultancyservicessalary/935474,143279.32,income,Salary
Guest lecture honorarium credit Ref #78280,57352.68,income,Freelance
Standup comedy open mic ticket,1973.47,expense,Entertainment
Steam games online store,952.82,expense,Entertainment
Independent code audit consulting fee INR 51277.68,51277.68,income,Freelance
Fiverr international gig payment Ref #44039,30312.16,income,Freelance
EdX certificate fee INR 33778.79,33778.79,expense,Education
POS CONTENT MARKETING RETAINER WIRE TRANSFER,34336.51,income,Freelance
POS OLA AUTOS COMMUTE,6317.52,expense,Transport
Dr Lal PathLabs full blood test INR 11550.62,11550.62,expense,Healthcare
UPI/upworkescrowfreelanceearningscredit/791423,11523.30,income,Freelance
POS TATA CONSULTANCY SERVICES SALARY,84496.78,income,Salary
UPI/cromaelectronicsaccessory/800646,14418.30,expense,Shopping
Inox multiplex popcorn combo INR 1847.26,1847.26,expense,Entertainment
SRL Diagnostics lipid profile panel,1720.21,expense,Healthcare
POS VI CELLULAR MONTHLY BILL,1845.95,expense,Utilities
IRCTC railway train ticket,8313.63,expense,Transport
POS PVR CINEMAS IMAX WEEKEND TICKETS,804.65,expense,Entertainment
SonyLIV entertainment pass,952.55,expense,Entertainment
POS STANZA LIVING STUDENT PG RENT,20042.31,expense,Rent
National Pension System NPS tier 1 INR 1230.96,1230.96,expense,Investment
UPI/nationalpensionsystemnpstier1/408334,13767.40,expense,Investment
POS COLIVING MONTHLY RENTAL STAY,23680.81,expense,Rent
Lifestyle sunglasses purchase,7942.93,expense,Shopping
Coliving monthly rental stay,12535.71,expense,Rent
Tata Consultancy Services salary INR 133969.95,133969.95,income,Salary
Cheque clearing charge fee Ref #42778,8967.42,expense,Other
POS FLAT LANDLORD RENT DIRECT NEFT,13349.59,expense,Rent
Puma running shoes Ref #66179,2465.11,expense,Shopping
Steam games online store Ref #19724,941.22,expense,Entertainment
Vaccination clinic booster dose Ref #12009,3742.78,expense,Healthcare
UPI/bankaccountannualdebitcardmaintenance/544114,6750.30,expense,Other
POS PRACTO DOCTOR VIDEO CONSULT,6865.35,expense,Healthcare
Client UI design consulting invoice,50757.27,income,Freelance
Technical writing freelance retainer,41017.89,income,Freelance
UPI/udemypythonmachinelearningcourse/662968,36077.65,expense,Education
ATM cash withdrawal transaction,5624.40,income,Other
Myntra fashion apparel INR 2906.77,2906.77,expense,Shopping
Paradise Biryani takeaway Ref #35313,160.93,expense,Food
Local library membership renewal Ref #13219,15850.39,expense,Education
Woodland leather wallet INR 19482.06,19482.06,expense,Shopping
Mirae Asset Large Cap Fund SIP,2835.82,expense,Investment
Monthly tech payroll salary credit INR 106129.89,106129.89,income,Salary
Accenture payroll direct credit,97762.95,income,Salary
Ola autos commute INR 6342.76,6342.76,expense,Transport
POS SAGAR RATNA SOUTH INDIAN MEAL,3246.11,expense,Food
UPI/publicprovidentfundppfannualdeposit/276795,38298.47,expense,Investment
POS VACCINATION CLINIC BOOSTER DOSE,6066.72,expense,Healthcare
UPI/airtelprepaid84daysrecharge/160541,2674.81,expense,Utilities
Apple Store USB cable Ref #45992,15818.01,expense,Shopping
Car wash express Ref #24996,888.06,expense,Transport
Charity contribution CRY foundation Ref #15397,3117.36,expense,Other
Jio Fiber monthly plan recharge Ref #49124,1750.11,expense,Utilities
Cycle service station,5449.03,expense,Transport
Jio Fiber monthly plan recharge Ref #15938,2899.91,expense,Utilities
Birthday cash gift received Ref #15529,1670.25,income,Other
UPI/fortishealthcarephysicianvisit/158840,6699.51,expense,Healthcare
UPI/atmcashwithdrawaltransaction/300924,1159.85,expense,Other
Puma running shoes,11947.16,expense,Shopping
UPI/growwmutualfundmonthlysip/460572,43506.29,expense,Investment
BigBasket daily veggies INR 1395.90,1395.90,expense,Food
Croma electronics accessory,24989.48,expense,Shopping
Cheque clearing charge fee INR 544.29,544.29,income,Other
UPI/fastagtollrechargenh48/327823,5882.87,expense,Transport
UPI/accenturepayrolldirectcredit/896204,51533.39,income,Salary
POS JIO TRUE 5G UNLIMITED RECHARGE,2004.75,expense,Utilities
Independent code audit consulting fee Ref #69591,37877.20,income,Freelance
POS CODING BOOT CAMP ENROLLMENT,33115.38,expense,Education
POS DENTIST CLINIC DENTAL CLEANING,6453.41,expense,Healthcare
Vi cellular monthly bill INR 4051.00,4051.00,expense,Utilities
Municipal waste management fee INR 5263.92,5263.92,expense,Utilities
JioCinema premium subscription,1039.87,expense,Entertainment
SonyLIV entertainment pass Ref #75715,1510.87,expense,Entertainment
UPI/apollopharmacyprescriptionmedicines/205797,2592.07,expense,Healthcare
POS TATA CONSULTANCY SERVICES SALARY,155347.60,income,Salary
Mirae Asset Large Cap Fund SIP INR 34182.61,34182.61,expense,Investment
Domino's Pizza delivery INR 1444.55,1444.55,expense,Food
POS BANK ACCOUNT ANNUAL DEBIT CARD MAINTENANCE,8030.10,income,Other
Client UI design consulting invoice Ref #65466,41801.48,income,Freelance
Vijay Sales home appliance INR 3206.54,3206.54,expense,Shopping
Zomato online delivery,2249.25,expense,Food
Monthly apartment house rent transfer INR 34923.36,34923.36,expense,Rent
POS REIMBURSEMENT MEDICAL CLAIM CREDIT,158521.32,income,Salary
POS FLIPKART ORDER ELECTRONICS,13505.53,expense,Shopping
Starbucks coffee Ref #24029,984.47,expense,Food
Mahanagar Gas piped natural gas INR 2657.30,2657.30,expense,Utilities
POS DOMINO'S PIZZA DELIVERY,429.56,expense,Food
UPI/ajiofootwear/615611,16015.70,expense,Shopping
SBI Nifty 50 Index Fund direct,13225.02,expense,Investment
Client UI design consulting invoice,26971.09,income,Freelance
Flat landlord rent direct NEFT Ref #86638,29058.30,expense,Rent
Burger King combo meal,2991.59,expense,Food
JioCinema premium subscription Ref #21104,1488.44,expense,Entertainment
Uber premier cab ride INR 3514.32,3514.32,expense,Transport
POS INDEPENDENT CODE AUDIT CONSULTING FEE,43818.61,income,Freelance
Zara clothing store INR 5111.91,5111.91,expense,Shopping
POS CYCLE SERVICE STATION,8438.25,expense,Transport
SRL Diagnostics lipid profile panel Ref #80507,2328.97,expense,Healthcare
Tata Play DTH recharge Ref #76895,771.99,expense,Utilities
Content marketing retainer wire transfer,12599.91,income,Freelance
Bank account annual debit card maintenance Ref #77713,6290.70,income,Other
Skin clinic consultation fee INR 5610.82,5610.82,expense,Healthcare
Rapido bike taxi,4915.16,expense,Transport
Airport parking payment Ref #25292,5536.07,expense,Transport
Office studio monthly rent,13391.22,expense,Rent
POS STANZA LIVING STUDENT PG RENT,8591.65,expense,Rent
UPI/guestlecturehonorariumcredit/705711,74195.58,income,Freelance
House deposit monthly installment INR 34071.95,34071.95,expense,Rent
POS COLLEGE SEMESTER TUITION FEE,7499.45,expense,Education
Decathlon sports gear,12393.73,expense,Shopping
UPI/creditcardannualrenewalsurcharge/496119,311.39,expense,Other
Zepto quick grocery INR 3300.26,3300.26,expense,Food
Vaccination clinic booster dose INR 4475.43,4475.43,expense,Healthcare
Reliance Digital headphones,11203.17,expense,Shopping
POS AIR INDIA DOMESTIC FLIGHT,4751.33,expense,Transport
UPI/friendloanrepaymentcashtransfer/972496,9291.20,income,Other
POS GUEST LECTURE HONORARIUM CREDIT,53244.74,income,Freelance
UPI/disney+hotstarsuperplan/638289,1160.42,expense,Entertainment
Friend loan repayment cash transfer,6375.48,expense,Other
Technical writing freelance retainer,52181.71,income,Freelance
Tata 1mg healthcare vitamin supplements INR 3710.16,3710.16,expense,Healthcare
BookMyShow cinema tickets INR 966.81,966.81,expense,Entertainment
UPI/officestudiomonthlyrent/555292,24397.58,expense,Rent
UPI/reliancedigitalheadphones/693423,19987.19,expense,Shopping
Tata Silver ETF purchase order,18518.84,expense,Investment
Bescom monthly electricity bill INR 4010.39,4010.39,expense,Utilities
Pind Balluchi family dinner,3393.97,expense,Food
Mahanagar Gas piped natural gas,1792.16,expense,Utilities
Tata Power consumer bill payment INR 4609.45,4609.45,expense,Utilities
Decathlon sports gear,16885.28,expense,Shopping
POS BHARAT PETROLEUM DIESEL FILL,6507.16,expense,Transport
UPI/stationerydepotnotebooksandpens/789237,8793.40,expense,Education
Chalo bus card recharge,6350.87,expense,Transport
Axis Small Cap Fund monthly debit,33365.99,expense,Investment
POS PRACTO DOCTOR VIDEO CONSULT,11443.10,expense,Healthcare
Eye care optical glasses lens,3199.32,expense,Healthcare
POS PIND BALLUCHI FAMILY DINNER,253.01,expense,Food
Tata Play DTH recharge,3969.74,expense,Utilities
FASTag toll recharge NH48 Ref #73156,2221.40,expense,Transport
POS GUEST LECTURE HONORARIUM CREDIT,67274.27,income,Freelance
Infosys Technologies monthly salary,108064.55,income,Salary
Dr Lal PathLabs full blood test,5830.82,expense,Healthcare
Inox multiplex popcorn combo INR 658.95,658.95,expense,Entertainment
POS SUBWAY CLUB SUB,602.71,expense,Food
UPI/sovereigngoldbondtrancheinvestment/137034,20025.47,expense,Investment
UPI/fixeddepositcreationicicibank/221414,3363.52,expense,Investment
Friend loan repayment cash transfer INR 625.54,625.54,income,Other
POS VI CELLULAR MONTHLY BILL,4600.17,expense,Utilities
UPI/paragparikhflexicapfund/992647,7646.84,expense,Investment
Starbucks coffee,690.70,expense,Food
Corporate employer net salary deposit INR 123573.51,123573.51,income,Salary
UPI/stanzalivingstudentpgrent/360276,10462.75,expense,Rent
Client UI design consulting invoice,6571.22,income,Freelance
Kisan Vikas Patra post office,34629.59,expense,Investment
POS HOUSE DEPOSIT MONTHLY INSTALLMENT,34045.14,expense,Rent
POS ZOOMCAR RENTAL DEPOSIT,3334.06,expense,Transport
Monthly apartment house rent transfer INR 32783.20,32783.20,expense,Rent
POS NAMMA METRO CARD RECHARGE,1455.78,expense,Transport
UPI/zomatoonlinedelivery/627276,2077.89,expense,Food
Stanza Living student PG rent INR 18486.29,18486.29,expense,Rent
Office studio monthly rent INR 33584.09,33584.09,expense,Rent
UPI/drlalpathlabsfullbloodtest/697467,2875.72,expense,Healthcare
Dentist clinic dental cleaning INR 1245.70,1245.70,expense,Healthcare
UPI/sonyliventertainmentpass/958729,939.33,expense,Entertainment
Cycle service station,5711.61,expense,Transport
KFC crispy chicken,930.40,expense,Food
Kisan Vikas Patra post office Ref #30892,49096.89,expense,Investment
EdX certificate fee INR 19111.06,19111.06,expense,Education
Birthday cash gift received INR 5224.33,5224.33,expense,Other
UPI/medplushealthcaredrugs/829417,10986.13,expense,Healthcare
Content marketing retainer wire transfer,30926.42,income,Freelance
UPI/zeptoquickgrocery/969693,1967.98,expense,Food
Content marketing retainer wire transfer,18231.47,income,Freelance
Parag Parikh Flexi Cap Fund INR 9183.99,9183.99,expense,Investment
UPI/officestudiomonthlyrent/347088,23463.29,expense,Rent
Airtel prepaid 84 days recharge,750.12,expense,Utilities
Technical writing freelance retainer INR 29702.86,29702.86,income,Freelance
Corporate employer net salary deposit INR 67073.72,67073.72,income,Salary
Tata Play DTH recharge INR 4681.00,4681.00,expense,Utilities
Mahanagar Gas piped natural gas INR 1930.83,1930.83,expense,Utilities
UPI/audibleaudiobooksmonthlycredit/280941,1284.74,expense,Entertainment
POS KFC CRISPY CHICKEN,995.67,expense,Food
PlayStation Plus quarterly network,2183.85,expense,Entertainment
UPI/sovereigngoldbondtrancheinvestment/674765,8858.31,expense,Investment
Physiotherapy rehabilitation session INR 1257.98,1257.98,expense,Healthcare
Friend loan repayment cash transfer Ref #44898,2498.92,expense,Other
POS HALDIRAM'S DINNER,938.83,expense,Food
Tata Consultancy Services salary Ref #99477,100078.16,income,Salary
Allen Career Institute coaching fees,22514.31,expense,Education
Comic con pass booking,190.04,expense,Entertainment
Reliance Digital headphones INR 20413.72,20413.72,expense,Shopping
UPI/monthlyapartmenthouserenttransfer/164664,11279.24,expense,Rent
KFC crispy chicken,2092.02,expense,Food
Birthday cash gift received Ref #41862,4018.50,expense,Other
POS SWIGGY ORDER,827.74,expense,Food
BookMyShow cinema tickets INR 1343.39,1343.39,expense,Entertainment
Bescom monthly electricity bill,2448.58,expense,Utilities
Comic con pass booking INR 1822.19,1822.19,expense,Entertainment
Upwork Escrow freelance earnings credit Ref #62513,70147.95,income,Freelance
POS OFFICE STUDIO MONTHLY RENT,34165.75,expense,Rent
UPI/wiprolimitedpayrolldisbursement/635205,102381.67,income,Salary
SBI Nifty 50 Index Fund direct,37306.30,expense,Investment
Coliving monthly rental stay INR 19645.73,19645.73,expense,Rent
UPI/growwmutualfundmonthlysip/206210,36454.62,expense,Investment
Shell India premium fuel Ref #63841,2023.60,expense,Transport
Tata 1mg healthcare vitamin supplements,2275.35,expense,Healthcare
UPI/reimbursementmedicalclaimcredit/264550,36688.51,income,Salary
Kisan Vikas Patra post office INR 14968.40,14968.40,expense,Investment
Jio true 5G unlimited recharge INR 1924.74,1924.74,expense,Utilities
POS BWSSB WATER SUPPLY BILL,3849.88,expense,Utilities
Udemy python machine learning course,6729.72,expense,Education
POS TATA PLAY DTH RECHARGE,2100.44,expense,Utilities
House deposit monthly installment Ref #58967,33935.09,expense,Rent
UPI/corporateemployernetsalarydeposit/176115,136627.89,income,Salary
POS SBI NIFTY 50 INDEX FUND DIRECT,30808.85,expense,Investment
Annual festival performance incentive Ref #67761,163701.12,income,Salary
Annual festival performance incentive Ref #12213,97788.63,income,Salary
BigBasket daily veggies,1858.13,expense,Food
POS AMAZON PRIME ANNUAL MEMBERSHIP,1639.00,expense,Entertainment
YouTube Premium family bundle,496.22,expense,Entertainment
Mirae Asset Large Cap Fund SIP,9701.60,expense,Investment
Bank account annual debit card maintenance,4780.97,expense,Other
Fixed deposit creation ICICI bank,14185.10,expense,Investment
Bank account annual debit card maintenance INR 9309.09,9309.09,expense,Other
UPI/indanelpgcookinggascylinderrefill/486251,4541.71,expense,Utilities
Lifestyle sunglasses purchase,3387.08,expense,Shopping
HPCL petrol station refill Ref #40771,5267.53,expense,Transport
Flat landlord rent direct NEFT,24580.88,expense,Rent
Vi cellular monthly bill,5021.18,expense,Utilities
UPI/cromaelectronicsaccessory/308802,5926.16,expense,Shopping
Independent code audit consulting fee Ref #30636,50851.34,income,Freelance
Upwork Escrow freelance earnings credit,34506.45,income,Freelance
POS FRIEND LOAN REPAYMENT CASH TRANSFER,5049.20,expense,Other
Netmeds online medicine order INR 9520.04,9520.04,expense,Healthcare
Fortis Healthcare physician visit,5140.06,expense,Healthcare
Dr Lal PathLabs full blood test INR 1810.61,1810.61,expense,Healthcare
UPI/jiotrue5gunlimitedrecharge/997734,1211.75,expense,Utilities
IKEA home decor Ref #88139,8772.34,expense,Shopping
POS BURGER KING COMBO MEAL,274.53,expense,Food
